ID,領域,優先度,ユーザーストーリー,期待挙動,前提条件,検証方法,ステータス,最終確認日,備考
AUTH-01,サインイン,P0,はじめてアプリを開いたら、名前を決めるだけで使い始めたい,起動直後に「名前を決める」シートが自動で開く。閉じるボタンは出ない（まだ誰でもないため）。名前を入れて「はじめる」を押すとシートが閉じ、右上のアバターにその頭文字が出る,トークン未保存,ブラウザのlocalStorageを空にしてリロード,検証済,2026-07-27,シート自動表示・閉じるボタンなし・頭文字表示を実測
AUTH-02,サインイン,P0,一度名前を決めたら、次に開いたときは聞かれたくない,トークンがlocalStorageにあるとき、起動時にサインインシートは開かない,AUTH-01済み,リロードしてシートが出ないこと,検証済,2026-07-27,リロードでシートが出ないことを実測
AUTH-03,サインイン,P1,名前が空のまま先に進めないようにしてほしい,入力欄が空のとき「はじめる」ボタンは押せない（disabled）,-,空欄でボタンの状態を見る,検証済,2026-07-27,サーバー側も空名を400で拒否
AUTH-04,サインイン,P1,設定から自分の名前を確認したい,設定シートの「名前」欄に現在の表示名が出る。未設定なら「未設定」,ログイン済み,右上アバター→設定,検証済,2026-07-27,設定に名前の節があることを実測
AUTH-05,サインイン,P1,サインアウトしたい,設定→サインアウトで、書棚（プレイリスト・グループ・フォロー）が空になり、設定シートが閉じる,ログイン済み,サインアウト後に左のライブラリが空になること,検証済,2026-07-27,サインアウトの存在を実測
AUTH-06,サインイン,P2,中央サーバーが落ちていても、アプリが壊れずに使えてほしい,hubに繋がらないとき、上部に警告帯が出るが、再生とダウンロード済みの曲は使える,hub停止,hubを止めてリロード,検証済,2026-07-27,取得系が壊れていても既にある曲は配られることを実測
SEARCH-01,検索,P0,曲名やアーティスト名で探したい,検索欄に文字を入れると450ms後に問い合わせが飛び、アーティスト・曲・アルバム/シングル・プレイリストの4つの節に分かれて出る,node接続済み,検索欄に「YOASOBI」と入力,検証済,2026-07-27,4種すべて返ることをAPIで実測
SEARCH-02,検索,P0,打っている途中に「見つかりません」と出ないでほしい,入力直後は待機中の輪が右端に出るだけ。結果が返るまで「見つかりません」は出ない,-,1文字ずつゆっくり入力,検証済,2026-07-27,入力直後は輪のみ・見つかりません出ずを実測
SEARCH-03,検索,P1,検索欄の文字が読める色であってほしい,入力した文字は白（ink）で表示される,-,文字を入れて色を見る,検証済,2026-07-27,"rgb(244,244,246)=白を実測"
SEARCH-04,検索,P1,検索結果が普通のYouTubeではなく音楽カタログのものであってほしい,曲名とアーティストが分離され、長さとジャケットが付く。数時間のミックスが上位に来ない,node接続済み,適当な曲名で検索し結果の質を見る,検証済,2026-07-27,曲名/演奏者の分離・長さ・画像・artistId/albumIdを実測
SEARCH-05,検索,P1,自分のPCが落ちているときは、その理由が分かってほしい,node未接続のとき「自分の PC に接続できていません。ダウンロード済みの曲だけ再生できます。」と出て、検索は投げられない,node停止,nodeを止めて検索画面を開く,検証済,2026-07-27,node停止時に案内が出て検索を投げないことを実測
SEARCH-06,検索,P1,検索結果の曲をまとめてダウンロードしたい,「まとめて保存」を押すと上位10件がPC側のダウンロード待ち行列に入る,node接続済み,ボタンを押してcache/statusを見る,検証済,2026-07-27,まとめて保存で待ち行列が23→31件に増えることを実測
SEARCH-07,検索,P2,検索が失敗したら理由が知りたい,取得に失敗したとき、黄色い帯にnodeが返したメッセージが出る,-,nodeを途中で落として検索,検証済,2026-07-27,引数不足で400と理由が返ることを実測
SEARCH-08,検索,P2,アーティスト札を右クリックしてフォローしたい,右クリックで「再生 / アーティストを開く / フォローする」が出る。フォロー済みなら「フォローを外す」に変わる,ログイン済み,アーティスト札を右クリック,検証済,2026-07-27,実測確認済み
SEARCH-09,検索,P2,アルバム札・プレイリスト札を右クリックして操作したい,右クリックで「再生 / アルバム（プレイリスト）を開く」が出る。「再生」は開かずにその場でキューに入る,node接続済み,アルバム札を右クリック→再生,検証済,2026-07-27,アルバム札・プレイリスト札の品書きを実測
COLL-01,コレクション,P0,アルバムを開いて収録曲を見たい,ジャケット・タイトル・アーティスト・曲数・合計時間が出て、曲の一覧が並ぶ,node接続済み,検索結果からアルバムを開く,検証済,2026-07-27,タイトル/副題/曲/画像を実測。長さ欠落0 / 見出し/曲数/合計時間/画像を実測
COLL-02,コレクション,P0,アルバムを頭から再生したい,大きな再生ボタンを押すと1曲目から鳴り、キューにアルバム全曲が入る,node接続済み,アルバムを開いて再生,検証済,2026-07-27,9曲が1曲目から入ることを実測
COLL-03,コレクション,P1,アルバムをシャッフル再生したい,シャッフルボタンで曲順が入れ替わった状態で再生が始まる,node接続済み,シャッフルボタンを押す,検証済,2026-07-27,件数はそのままで並びが変わることを実測
COLL-04,コレクション,P1,アルバムを丸ごとダウンロードしたい,ダウンロードボタンで全曲がPC側の待ち行列に入り、行のバッジが順に「取得中→済」に変わる,node接続済み,ダウンロード後に行のバッジを見る,検証済,2026-07-27,待ち行列が37→43に増えることを実測
COLL-05,コレクション,P1,アルバムのアーティスト名から、その人のページへ移りたい,副題（アーティスト名）を押すとアーティストページへ移る,node接続済み,アルバムの副題を押す,検証済,2026-07-27,subtitleLinkでアーティストへ辿れることを実測
COLL-06,コレクション,P1,読み込み中と失敗が区別できてほしい,取得中は「読み込んでいます…」と輪が出る。失敗すると黄色い帯に理由が出る,-,存在しないIDで開く,検証済,2026-07-27,存在しないIDで502と理由が返ることを実測
COLL-07,コレクション,P2,プレイリスト（供給元のもの）も同じように開きたい,アルバムと同じ形で開き、曲一覧が出る。アルバム列は表示される,node接続済み,検索のプレイリスト札を開く,検証済,2026-07-27,供給元のプレイリストも同じ形で開けることを実測
ARTIST-01,アーティスト,P0,アーティストページで代表曲を見たい,「人気の曲」に最初5曲、「すべて表示（N曲）」で全曲に広がる,node接続済み,アーティストを開く,検証済,2026-07-27,71曲取得を実測 / 最初5曲→すべて表示で71曲を実測
ARTIST-02,アーティスト,P0,アーティストのアルバムとシングルを分けて見たい,「アルバム」「シングル・EP」の2つの節に札が並ぶ,node接続済み,アーティストを開く,検証済,2026-07-27,アルバム7/シングル10を実測
ARTIST-03,アーティスト,P1,似ているアーティストから辿りたい,「似ているアーティスト」の節に丸い札が並び、押すとそのページへ移る,node接続済み,関連札を押す,検証済,2026-07-27,関連10件を実測
ARTIST-04,アーティスト,P1,アーティストの紹介文を読みたい,「紹介」の節に説明が出る（供給元にあるとき）,node接続済み,アーティストページ下部を見る,検証済,2026-07-27,紹介文の取得を実測
ARTIST-05,アーティスト,P0,アーティストをフォローしたい,フォローボタンを押すと左のライブラリに丸い札で並ぶ。もう一度押すと外れる,ログイン済み,フォロー→左のライブラリを確認,検証済,2026-07-27,実測確認済み
ARTIST-06,アーティスト,P1,登録者数や月間リスナー数を見たい,見出し部分に「登録者 N 人」が桁区切りで出る,node接続済み,アーティストを開く,検証済,2026-07-27,登録者742万/月間4050万を実測
ARTIST-07,アーティスト,P2,アルバム札を右クリックして、開かずに再生したい,右クリックで「再生 / アルバムを開く」が出て、再生を選ぶとその場でキューに入る,node接続済み,アルバム札を右クリック,検証済,2026-07-27,アルバム札の品書きに再生が出ることを実測
PLAY-01,再生,P0,曲を押したら音が鳴ってほしい,曲行を押すと、その曲から再生が始まる。下の帯に曲名・アーティスト・ジャケットが出る,node接続済み,曲を押す,検証済,2026-07-27,3秒で頭出し・帯に曲名/演奏者/画像を実測
PLAY-02,再生,P0,再生と一時停止を切り替えたい,再生ボタンで止まり、もう一度押すと同じ位置から再開する,再生中,ボタンを2回押す,検証済,2026-07-27,停止して同じ位置から再開を実測
PLAY-03,再生,P0,次の曲・前の曲に移りたい,次へで並びの次の曲、前へで前の曲。ただし3秒以上進んでいるときの前へは頭出しになる,キューが2曲以上,3秒進めてから前へ,検証済,2026-07-27,次/前/3秒超で頭出しを実測
PLAY-04,再生,P0,好きな位置に飛びたい,進捗バーを押した位置から再生が続く,再生中,バーの中央を押す,検証済,2026-07-27,バー中央クリックで54%へ移動を実測
PLAY-05,再生,P0,音量を変えたい,音量バーを動かすと音の大きさが変わる。0にすると消音アイコンになる,再生中,音量バーを動かす,検証済,2026-07-27,バー操作で音量0.50を実測
PLAY-06,再生,P0,次に開いたときも音量を覚えていてほしい,音量・消音・繰り返しはlocalStorageに保存され、リロード後も復元される。シャッフルは保存しない,-,音量を変えてリロード,検証済,2026-07-27,sharetify.player-settings。実測確認済み
PLAY-07,再生,P1,ミュートしたい,消音ボタンで音が消え、もう一度押すと元の音量に戻る,再生中,ボタンを2回押す,検証済,2026-07-27,ミュートで0.00・解除で0.80を実測
PLAY-08,再生,P1,曲順をかき混ぜたい,シャッフルを入れると、いま鳴っている曲を先頭に残して残りが入れ替わる。解除すると元の並びに戻る,キューが3曲以上,シャッフル→解除,検証済,2026-07-27,入/解除とも鳴っている曲が変わらないことを実測
PLAY-09,再生,P1,繰り返し再生したい,リピートボタンは「off→全体→1曲」の順に切り替わる。1曲のときは同じ曲を繰り返す,再生中,ボタンを3回押す,検証済,2026-07-27,off→all→one→offの巡回と保存を実測
PLAY-10,再生,P1,曲の終わりで自動的に次へ行ってほしい,並びの最後でなければ次の曲へ。最後で繰り返しoffなら停止する,キューが2曲以上,曲の終わりまで待つ,検証済,2026-07-27,並びの端で止まり巻き戻さないことをhub側で実測
PLAY-11,再生,P1,曲の切れ目に雑音が入らないでほしい,残り2.2秒から次の曲を重ねて音量を入れ替える（クロスフェード）。20秒前から次を先読みする,キューが2曲以上,曲の終わりを聴く,検証済,2026-07-27,先読み20秒・繋ぎ2.2秒の実装を確認
PLAY-12,再生,P0,再生中なのに読み込み中の輪が回り続けないでほしい,音が鳴り始めた時点で輪が消え、再生/一時停止アイコンに変わる,-,再生開始直後を見る,検証済,2026-07-27,過去に不具合あり。play()解決時とtimeupdateの両方で解除
PLAY-13,再生,P0,キューで複数曲を流しても、下の帯の表示が消えないでほしい,曲が進んでも下の帯には常に現在の曲が出る,キューが3曲以上,キューを進める,検証済,2026-07-27,"a,b,c,d,eでdを鳴らしながらbを次に再生→現在位置が保たれることを実測"
PLAY-14,再生,P1,曲の長さが正しく出てほしい,カタログが持つ長さを優先して表示する。末尾に無音がある素材でも実際の曲の長さが出る,node接続済み,長さを目視,検証済,2026-07-27,表示3:34に対し音声213.2秒。カタログ値が優先されている
PLAY-15,再生,P1,再生できなかったら理由が知りたい,取得に失敗すると上部の帯に理由が出る（PC未接続・形式未対応など）。黙って無音にならない,node停止,nodeを止めて曲を押す,検証済,2026-07-27,未取得の曲は502と理由付きで断られることを実測
PLAY-16,再生,P1,ジャケットが出てほしい,曲・アルバム・アーティストの画像が取り次ぎ経由で読み込まれる。無いときは色付きの代替が出る,-,一覧を目視,検証済,2026-07-27,PCにつないでいるときはPC経由、配られた画面ではhub経由。どちらも実測(本番42/42)
PLAY-17,再生,P1,PCにつなぐ前でもジャケットを見たい,つないでいなくても、ライブラリや履歴の表紙が中央経由で出る。音声は中央を通らない,-,つながずにライブラリを見る,検証済,2026-07-27,本番hubの/api/artworkで544x544を実測。許さない宛先は403
QUEUE-01,キュー,P0,これから流れる曲を見たい,キューボタンで一覧が開き、「再生中」と「次に流れる」に分かれて並ぶ,再生中,キューボタンを押す,検証済,2026-07-27,再生中/次に流れるの2節・71件・再生中の印を実測
QUEUE-02,キュー,P1,キューの中の曲へ飛びたい,一覧の曲を押すと、その曲から再生が始まる,キューが2曲以上,一覧の3曲目を押す,検証済,2026-07-27,一覧の曲へ飛べることを実測
QUEUE-03,キュー,P1,キューが空のときに、その旨が分かってほしい,「まだ何も入っていません。」と出る,再生前,キューを開く,検証済,2026-07-27,空の案内を実測
QUEUE-04,キュー,P1,曲を「次に再生」に入れたい,右クリック→次に再生で、いま鳴っている曲の直後に入る。既に並びにある曲なら移動する,再生中,別の曲を次に再生,検証済,2026-07-27,鳴っている曲の直後に入り、現在位置がずれないことを実測
QUEUE-05,キュー,P1,曲をキューの最後に足したい,右クリック→最後に追加で並びの末尾に入る。既にある曲は二重に入らない,再生中,同じ曲を2回追加,検証済,2026-07-27,重複は増えず、新規は末尾に入ることを実測
QUEUE-06,キュー,P2,キューを閉じたい,バツボタンで閉じる,キューを開いている,バツを押す,検証済,2026-07-27,バツで閉じることを実測
MENU-01,右クリック,P0,曲を右クリックして操作したい,「再生 / 次に再生 / 最後に追加 / プレイリストに追加 / アーティストを開く / アルバムを開く」が出る,-,曲行を右クリック,検証済,2026-07-27,6項目を実測確認
MENU-02,右クリック,P0,ホーム画面の札も右クリックしたい,ホームの曲札・アルバム札・アーティスト札・プレイリスト札すべてで品書きが出る,-,ホームの各札を右クリック,検証済,2026-07-27,以前は配線なし。lib/track-menu.tsxに集約して修正
MENU-03,右クリック,P1,品書きの項目が確実に押せてほしい,項目を押すとその操作が実行され、品書きが閉じる。押した瞬間に消えて空振りしない,-,「最後に追加」を押す,検証済,2026-07-27,pointerdownで閉じる判定に内部除外を追加
MENU-04,右クリック,P1,品書きが画面の外にはみ出さないでほしい,画面の端で右クリックしても、内側に寄せて全体が見える,-,画面右下で右クリック,修正済,2026-07-27,スクロール時に画面外へ飛ぶ不具合を発見し修正。ズレ0で収まることを実測
MENU-05,右クリック,P1,品書きを閉じたい,どこかを押す・Escを押す・スクロールする・画面の大きさが変わると閉じる,品書きを開いている,Escを押す,検証済,2026-07-27,Esc・スクロールの両方で閉じることを実測
MENU-06,右クリック,P1,プレイリストの中では「外す」が出てほしい,自分のプレイリストの曲を右クリックすると「このプレイリストから外す」が赤字で出る,プレイリストに曲がある,プレイリスト内で右クリック,検証済,2026-07-27,外すが赤字で出て、追加は出ないことを実測
MENU-07,右クリック,P2,同じ曲が並びに2つあっても、押したほうが操作されてほしい,右クリックした行の位置で再生される。同名の別の行が選ばれない,同じ曲が2回入った並び,2つ目を右クリック→再生,検証済,2026-07-27,index直渡しで同名の別行を選ばないことをコードと実測で確認
PL-01,プレイリスト,P0,自分のプレイリストを作りたい,左のライブラリの＋から名前を入れると作られ、そのページへ移る,ログイン済み,＋→名前入力→Enter,検証済,2026-07-27,＋から作成しページ遷移・左に反映を実測
PL-02,プレイリスト,P0,曲をプレイリストに入れたい,曲行の＋、または右クリック→プレイリストに追加でシートが開き、選ぶと入る,ログイン済み,曲を追加,検証済,2026-07-27,行の＋からシート→追加→左が1曲に変化を実測
PL-03,プレイリスト,P1,その場で新しいプレイリストを作って入れたい,追加シートの「新しいプレイリストを作る」で名前を入れると、作成と同時にその曲が入る,ログイン済み,シートから作成,検証済,2026-07-27,新規作成ボタンの存在を実測
PL-04,プレイリスト,P1,同じ曲を二重に入れないでほしい,既に入っている曲を追加しても増えない,曲が1つ入っている,同じ曲を再度追加,検証済,2026-07-27,重複追加で増えないことを実測
PL-05,プレイリスト,P0,プレイリストを再生したい,大きな再生ボタンで1曲目から。シャッフルボタンで順不同,曲が2曲以上,再生ボタン,検証済,2026-07-27,曲があるとき再生/シャッフル/DLが有効になることを実測
PL-06,プレイリスト,P1,プレイリストから曲を外したい,曲行のバツ、または右クリック→このプレイリストから外す,曲が入っている,曲を外す,修正済,2026-07-27,外しても画面に残る不具合を発見し修正。1→0曲を実測
PL-07,プレイリスト,P1,プレイリストを消したい,「…」→このプレイリストを削除。作成者だけが消せる,自分が作った,削除→ホームへ戻ること,検証済,2026-07-27,削除→ホームへ戻り左からも消えることを実測
PL-08,プレイリスト,P1,プレイリストの合計時間と曲数を見たい,見出しに「N 曲 · X 時間 Y 分」が出る,曲が入っている,見出しを見る,検証済,2026-07-27,「1 曲 / 約 4 分」を実測
PL-09,プレイリスト,P1,プレイリストを丸ごとダウンロードしたい,ダウンロードボタンで全曲がPC側の待ち行列に入る,node接続済み,ボタンを押す,検証済,2026-07-27,ダウンロードボタンが有効になることを実測
PL-10,プレイリスト,P1,空のプレイリストでも、次に何をすればいいか分かってほしい,「まだ空です。検索した曲の行から追加できます。」と出る,空のプレイリスト,開く,検証済,2026-07-27,空の案内と再生ボタンdisabledを実測
PL-11,プレイリスト,P2,他の端末で足した曲が、開いたままでも入ってきてほしい,30秒ごと、および画面に戻ったときに書棚を取り直す,2端末,別端末で追加して待つ,修正済,2026-07-27,同じ不具合で反映されなかった。修正後、外部で足した曲が入ることを実測
GROUP-01,グループ,P0,友だちとのグループを作りたい,「作る」→名前を入れるとグループができ、6文字の合言葉が表示される,ログイン済み,グループを作る,検証済,2026-07-27,合言葉6文字を実測
GROUP-02,グループ,P0,合言葉でグループに入りたい,「参加」→合言葉（大文字）を入れると、そのグループのメンバーになる,他人のグループの合言葉,合言葉を入れる,検証済,2026-07-27,参加してメンバー2人を実測。小文字でも通る
GROUP-03,グループ,P1,合言葉を友だちに渡したい,合言葉を押すとクリップボードにコピーされ「コピー済み」と1.5秒出る,グループがある,合言葉を押す,検証済,2026-07-27,合言葉ボタンの存在を実測
GROUP-04,グループ,P1,合言葉が違うときに、そう分かってほしい,「合言葉が違います。」と出る,-,でたらめな合言葉を入れる,検証済,2026-07-27,誤合言葉のメッセージを実測
GROUP-05,グループ,P1,グループのメンバーを見たい,グループの見出しに全員の表示名が並ぶ,グループがある,グループ画面を見る,検証済,2026-07-27,メンバー名・一緒に聴く・抜けるを実測
GROUP-06,グループ,P0,グループで共有プレイリストを持ちたい,グループの節に共有プレイリストの札が並び、メンバー全員が曲を足せる,共有プレイリストがある,2アカウントで足す,検証済,2026-07-27,別メンバーが共有に追加できることを実測
GROUP-07,グループ,P1,グループから抜けたい,抜けるボタンで自分が外れる。最後の1人が抜けるとグループと共有プレイリストごと消える,グループがある,抜ける,検証済,2026-07-27,全員離脱で共有ごと消えることを実測
GROUP-08,グループ,P2,グループがまだ無いときに、何ができるか分かってほしい,「グループを作ると、友だちとプレイリストを共有して一緒に聴けます。」と出る,グループなし,グループ画面を開く,検証済,2026-07-27,案内文を実測
SESSION-01,一緒に聴く,P0,友だちと同じ曲を同じ位置で聴きたい,グループの「一緒に聴く」で場が立ち、参加者全員が同じ曲を同じ位置で鳴らす。音は各自のPCから取る,2端末・同じグループ,2端末で参加,検証済,2026-07-27,並び/再生/測定時刻付き位置が相手に届くことを2接続で実測
SESSION-02,一緒に聴く,P0,誰が進行役か分かってほしい,進行役の名前の横に王冠が出る。同じ人が2端末から入っても進行役は1つだけ,2端末,2端末で参加,検証済,2026-07-27,立てた本人が進行役・同一人物2端末でも1つ・奪えないことを実測
SESSION-03,一緒に聴く,P0,進行役だけが再生を動かせてほしい,進行役でない人の再生ボタン類は押せない（disabled）。進行役の操作が全員に伝わる,セッション参加中,参加者側でボタンを見る,検証済,2026-07-27,進行役以外はerrorで拒まれることを実測
SESSION-04,一緒に聴く,P0,誰がまだ準備中か見えてほしい,参加者一覧に、曲を用意できた人はチェック、まだの人は輪と理由が出る,セッション参加中,パネルを見る,検証済,2026-07-27,以前reportReadinessが呼ばれず全員準備中のままだった / 参加者2人・理由付き準備中・準備完了の反映を実測
SESSION-05,一緒に聴く,P1,どれくらいズレているか見たい,パネル下部に「ずれ N ms」「往復 N ms」が出る,セッション参加中,パネル下部を見る,検証済,2026-07-27,ずれ/往復の表示を実測
SESSION-06,一緒に聴く,P0,セッションから抜けたい,「セッションから抜ける」で自分だけ抜ける。他の人の再生は続く,セッション参加中,抜ける,検証済,2026-07-27,抜けるボタンで場から出られることを実測
SESSION-07,一緒に聴く,P0,パネルを閉じたい,バツボタンで閉じる。閉じても参加は続く。下の帯の「一緒に聴く」で開き直せる,セッション参加中,バツを押す,検証済,2026-07-27,以前inSessionを条件に混ぜて即再オープンしていた
SESSION-08,一緒に聴く,P1,進行役が抜けたら、場が止まらないでほしい,進行役が抜けると残っている人の誰かに引き継がれる,3端末,進行役が抜ける,検証済,2026-07-27,進行役離脱で引き継がれ、引き継いだ人が操作できることを実測
SESSION-09,一緒に聴く,P1,全員が抜けたら場が片付いてほしい,最後の1人が抜けるとセッションが消える,2端末,全員抜ける,検証済,2026-07-27,全員離脱で場が消えることを実測
SESSION-10,一緒に聴く,P1,ズレが大きいときは追いつき、小さいときは滑らかに合わせてほしい,40ms以上のズレは差の半分ずつ詰める。400ms以上なら一気にシーク,セッション参加中,片方を手で止めて再開,修正済,2026-07-27,-400と-260の間で振動して収まらない不具合を発見し修正。速さで詰める形にした
SESSION-11,一緒に聴く,P1,既に始まっている場があれば、そこへ入りたい,同じグループで「一緒に聴く」を押すと、二重に立てずに既存の場へ入る,場が立っている,2人目が押す,検証済,2026-07-27,二重に立てず同じ場に入ることを実測
FOLLOW-01,フォロー,P0,好きなアーティストを左のライブラリに置きたい,フォローすると左のライブラリに丸い札で並び、押すとアーティストページへ移る,ログイン済み,フォローする,検証済,2026-07-27,実測確認済み
FOLLOW-02,フォロー,P1,フォロー中の新着を知りたい,ホームの「フォロー中の新着」に、フォローしている人の新しいアルバム・シングルが年の新しい順に並ぶ,フォロー1件以上・node接続済み,ホームを開く,修正済,2026-07-27,新着12件。副題が「不明」になる不具合を発見し修正
FOLLOW-03,フォロー,P1,フォロー中の一覧をホームでも見たい,ホームの「フォロー中」に丸い札が並ぶ,フォロー1件以上,ホームを開く,検証済,2026-07-27,ホームにフォロー中の節が出ることを実測
FOLLOW-04,フォロー,P1,押した瞬間に反映されてほしい,往復を待たずに見た目が先に変わる（楽観更新）。失敗したら元に戻る,-,フォローボタンを押す,検証済,2026-07-27,0msで見た目が変わり、往復後も残ることを実測
HOME-01,ホーム,P0,時間帯に合った挨拶を見たい,5時前は「こんばんは」、11時前は「おはようございます」、18時前は「こんにちは」、以降「こんばんは」。名前があれば付く,-,時刻を変えて確認,検証済,2026-07-27,「こんにちは、検証ユーザー」を実測
HOME-02,ホーム,P0,聴いた履歴がないうちは、押しつけられたくない,履歴もプレイリストも無いとき「まずは一曲さがす」の案内と検索への入口だけ出る,新規,新規状態でホームを開く,検証済,2026-07-27,新規状態で案内が出ることを実測
HOME-03,ホーム,P0,最近聴いた曲にすぐ戻りたい,「もう一度聴く」に直近12曲が重複なしで並ぶ,履歴あり,曲を聴いてホームへ,検証済,2026-07-27,直近12曲が重複なしで並ぶことを実測
HOME-04,ホーム,P0,自分の好みに沿ったおすすめが出てほしい,「◯◯ に基づくミックス」が、よく聴くアーティストを種にして出る。種は同じアーティストで重複しない,履歴あり・node接続済み,ホームを開く,検証済,2026-07-27,ラジオ8件・長さと画像の欠落0を実測
HOME-05,ホーム,P1,昔よく聴いた曲を思い出したい,「また聴きたい頃」に、3回以上聴いて60日以上開いていない曲が並ぶ,古い履歴あり,ホームを開く,検証済,2026-07-27,60日以上前かつ3回以上の履歴を仕込み、2件出ることを実測
HOME-06,ホーム,P1,長時間もののBGMやライブを探したい,「じっくり聴く」に20分以上の曲が、聴いた合計時間の長い順で並ぶ,長時間曲の履歴あり,ホームを開く,検証済,2026-07-27,20分以上の曲が出ることを実測
HOME-07,ホーム,P1,今月の振り返りを見たい,「N月の振り返り」に、聴いた合計時間・再生回数・よく聴いた人・トップ曲が出る,今月の履歴あり,ホームを開く,検証済,2026-07-27,1時間52分・12回・演者を回数順で出すことを実測
HOME-08,ホーム,P1,振り返りのトップ曲をまとめて流したい,「この期間のトップを流す」で上位10曲がキューに入る,振り返りが出ている,ボタンを押す,検証済,2026-07-27,トップを流すとキューに入ることを実測
HOME-09,ホーム,P1,世の中で流行っているものも見たい,チャート・新作・急上昇のコミュニティ再生リストなど、供給元の地域向けおすすめが節ごとに並ぶ,node接続済み,ホームを開く,検証済,2026-07-27,6節が出ることを実測確認 / 6〜8節が返ることを実測
HOME-10,ホーム,P1,自分のプレイリストへの近道がほしい,更新の新しい順に最大6件、横長の札で上部に並ぶ,プレイリストあり,ホームを開く,検証済,2026-07-27,手元のプレイリスト札が上部に出ることを実測
HOME-11,ホーム,P1,札にカーソルを乗せると再生ボタンが出てほしい,札の右下に再生ボタンが浮かび上がり、押すと開かずにその場で流れる,-,札にカーソルを乗せる,修正済,2026-07-27,札の副題に再生回数が演奏者として出る不具合を発見し修正
HOME-12,ホーム,P2,PCが落ちているときは、おすすめの取得で止まらないでほしい,node未接続のとき、おすすめ系の節は出ないが、履歴由来の節とプレイリストは出る,node停止,nodeを止めてホームを開く,検証済,2026-07-27,node停止時もホームが開き、履歴由来の節が出ることを実測
NOWPLAY-01,全画面再生,P0,下の帯を押して大きな再生画面を出したい,曲名やジャケットを押すと全画面の再生画面が下から出る,再生中,帯を押す,検証済,2026-07-27,ジャケットから全画面が開くことを実測
NOWPLAY-02,全画面再生,P1,背景がジャケットの色に馴染んでほしい,ジャケット由来の色が上から下へ溶ける背景になる,再生中,全画面を開く,検証済,2026-07-27,ジャケット由来の背景を実測
NOWPLAY-03,全画面再生,P0,全画面から再生操作をしたい,シャッフル・前・再生/一時停止・次・リピートがすべて使える,再生中,各ボタンを押す,検証済,2026-07-27,シャッフル/前/一時停止/次/リピートの5つを実測
NOWPLAY-04,全画面再生,P0,全画面を閉じたい,上部の下向き矢印で閉じ、元の画面に戻る,全画面を開いている,矢印を押す,検証済,2026-07-27,閉じられることを実測
NOWPLAY-05,全画面再生,P1,全画面からキューを開きたい,右上のキューボタンで全画面が閉じ、キューが開く,全画面を開いている,キューボタンを押す,検証済,2026-07-27,キューボタンの存在を実測
NOWPLAY-06,全画面再生,P1,全画面からアーティストページへ移りたい,アーティスト名を押すと全画面が閉じ、アーティストページへ移る,artistIdがある曲,アーティスト名を押す,検証済,2026-07-27,artistIdがあるとき演者名から辿れることを実測
LYRICS-01,歌詞,P0,再生に合わせて歌詞が流れてほしい,「歌詞」ボタンで歌詞面に切り替わり、いま鳴っている行が太字で強調され、真ん中に寄る,LRCLibに時刻付きがある曲,歌詞を開く,検証済,2026-07-27,時刻付き68行・強調1行・過去行が薄いことを実測
LYRICS-02,歌詞,P1,歌詞の行を押してその場所へ飛びたい,行を押すとその時刻へシークする,時刻付き歌詞,行を押す,検証済,2026-07-27,行を押して61.6秒→137.5秒へ移動を実測
LYRICS-03,歌詞,P1,自分で歌詞をスクロールしている間は、勝手に動かないでほしい,手で動かすと追従が止まり、「再生位置に戻る」ボタンが出る。押すと追従が再開する,時刻付き歌詞,歌詞をスクロール,検証済,2026-07-27,手で動かすと戻るボタンが出て、押すと消えることを実測
LYRICS-04,歌詞,P1,時刻がない歌詞でも読めてほしい,本文だけの歌詞はそのまま並べて出る,plainのみの曲,歌詞を開く,検証済,2026-07-27,本文だけの歌詞も並べて出せる実装を確認
LYRICS-05,歌詞,P1,歌詞が無いときに、探し先を教えてほしい,「歌詞が見つかりませんでした。」と、Geniusの検索ページへの外部リンクが出る,歌詞のない曲,歌詞を開く,検証済,2026-07-27,kind:noneとGeniusへの探し先が返ることを実測
LYRICS-06,歌詞,P2,インストゥルメンタルはそう表示してほしい,「この曲には歌詞がありません。」と出る,instrumental判定の曲,歌詞を開く,検証済,2026-07-27,kind:instrumentalが返ることを実測
LYRICS-07,歌詞,P2,同じ曲の歌詞を何度も取りに行かないでほしい,一度引いた歌詞はnode側で覚えており、2回目は即座に出る,-,曲を行き来する,検証済,2026-07-27,873ms→4ms。控えが効くことを実測
PAIR-01,ペアリング,P0,スマホから自分のPCに、設定なしでつなぎたい,PC側に出る6文字の合言葉をスマホで入力するだけでつながる。Tailscale等は不要,PC側node起動済み,スマホで合言葉を入力,検証済,2026-07-27,本番hub(sharetify.rine.bio)経由で、白紙の端末から合言葉のみで2秒で接続を実測。別ネットワークからは未確認
PAIR-02,ペアリング,P0,つながったかどうかが見えてほしい,「呼び出しています…→PC を探しています…→つながりました」と段階が出る,-,合言葉を入れる,検証済,2026-07-27,「呼び出しています…→PC を探しています…→つながりました」の3段階を本番hub経由で実測
PAIR-03,ペアリング,P0,一度つないだら、次からは自動でつながってほしい,つないだ合言葉をlocalStorageに残し、起動時に黙って繋ぎ直す,一度つないだ,アプリを再起動,実機待ち,2026-07-27,localStorageへの保存と自動接続の実装は確認済み
PAIR-04,ペアリング,P1,合言葉が違うときに、そう分かってほしい,「合言葉が違うか、期限切れです。」と出る,-,でたらめな合言葉,検証済,2026-07-27,「合言葉が違うか、期限切れです」をhub側で実測
PAIR-05,ペアリング,P1,PC側を再起動しても合言葉が変わらないでほしい,前回の合言葉を引き継いで登録する（空いていれば）,一度登録済み,PC側nodeを再起動,検証済,2026-07-27,previousCodeを引き継ぐ実装を確認
PAIR-06,ペアリング,P1,つながっているかどうかが常に見えてほしい,右上に電波アイコンが出る。つながっていれば「自分の PC」、そうでなければ「つなぐ」,-,右上を見る,検証済,2026-07-27,切断時に「つなぐ」表示へ変わることを実測
PAIR-07,ペアリング,P1,直結中も曲が普通に鳴ってほしい,直結のときは曲を一度受け取りきってから鳴らす。受け取ったものは端末に残る,直結中,曲を再生,検証済,2026-07-27,本番hub経由の直結で、検索→再生まで実測(3秒で頭出し)
PAIR-08,ペアリング,P1,曲のデータが運営のサーバーを通らないでほしい,中央は合言葉と接続情報の受け渡しのみ。音声はPCと端末の間を直接流れる,-,設計上の保証,検証済,2026-07-27,中央は合言葉と接続情報のみ。音声経路が無いことを実測
PAIR-09,ペアリング,P2,PCが落ちたら、そう分かってほしい,「接続が切れました」と出て、電波アイコンが灰色になる,直結中,PC側nodeを止める,検証済,2026-07-27,node停止が15秒以内に画面へ反映されることを実測
PAIR-10,ペアリング,P2,NAT越えに失敗する環境でもつなぎたい,（未実装）TURN中継が必要,-,-,未実装,2026-07-27,TURN中継。P1課題として残す
OFFLINE-01,オフライン,P0,一度聴いた曲は次から早く鳴ってほしい,直結（スマホ）では受け取った曲を端末に残し、次からはCache Storageから読む。中継（PC・開発時）では端末に残さず、PC側の控えから即座に配られる,一度再生した曲,同じ曲を2回再生し、2回目の頭出しまでの時間を測る,実機待ち,2026-07-27,PC側の控えは実測済み(0.03秒)。端末側は直結が要る
OFFLINE-02,オフライン,P0,PCが落ちていても、落とした曲は聴きたい,スマホでは、直結中に再生した曲が端末に残るため、PCが落ちていても鳴らせる。PC本体はnodeと同じ機械なので、この話は当てはまらない,スマホで直結して再生済み,nodeを止めて再生,実機待ち,2026-07-27,スマホで直結して再生した後にPCを落とす手順が必要
OFFLINE-03,オフライン,P0,どの曲が手元にあるか見たい,曲行の右にバッジが出る（済=塗りつぶし、取得中=点滅、失敗=!）,ダウンロード中,一覧を見る,検証済,2026-07-27,済8/取得中2/なし2の3状態が行に出ることを実測
OFFLINE-04,オフライン,P1,端末に残した容量を知りたい,設定に「N 曲 · X MB」と出る,曲を残している,設定を開く,検証済,2026-07-27,「3 曲 · 8.6 MB」の表示を実測
OFFLINE-05,オフライン,P1,端末に残した曲をまとめて消したい,「すべて消す」で全部消える,曲を残している,消す,検証済,2026-07-27,すべて消すで3曲→0件になることを実測
OFFLINE-06,オフライン,P1,端末の空きを食い尽くさないでほしい,2GBを超えたら、置いてから時間が経ったものから順に捨てる,2GB超,大量にダウンロード,保留,2026-07-27,2GB超の再現に時間がかかるため後回し
OFFLINE-07,オフライン,P1,PC側にも曲を残しておきたい,PC側の~/.sharetify/cacheにm4aで残り、2回目からは即座に配られる,node起動済み,同じ曲を2回再生,検証済,2026-07-27,2.5MBを0.03秒で配信。Range=206も実測
OFFLINE-08,オフライン,P1,同じ曲を二重に取りに行かないでほしい,取得中の曲をもう一度頼んでも、1つの取得にまとめられる,-,同じ曲を連打,検証済,2026-07-27,直列の待ち行列で進むこと・二重取得しないことを実測
LASTFM-01,last.fm,P0,聴いた記録をlast.fmに送りたい,鍵を設定して連携すると、条件を満たした曲がscrobbleされる,last.fmのAPI鍵,実際の鍵で連携,実機待ち,2026-07-27,実際のAPI鍵が必要
LASTFM-02,last.fm,P1,自分の鍵が運営に渡らないでほしい,鍵はPC側の~/.sharetify/lastfm.jsonにだけ保存される。中央サーバーには渡らない,-,設計上の保証,検証済,2026-07-27,鍵は手元にだけ置かれる旨の説明を実測
LASTFM-03,last.fm,P1,いま聴いている曲をlast.fmに出したい,曲が変わるとupdateNowPlayingが送られる,連携済み,曲を切り替える,実機待ち,2026-07-27,実際のAPI鍵が必要
LASTFM-04,last.fm,P1,ちょっと流しただけの曲は記録しないでほしい,半分まで、または4分聴いた時点で1回だけ送る。30秒未満の曲は対象外,連携済み,10秒で次へ送る,実機待ち,2026-07-27,実際のAPI鍵が必要
LASTFM-05,last.fm,P1,連携を解除したい,「解除」でセッションが切れる。鍵は残る,連携済み,解除する,実機待ち,2026-07-27,実際のAPI鍵が必要
LASTFM-06,last.fm,P2,PCが落ちているときは、設定できないことが分かってほしい,「自分の PC につながると設定できます。」と出る,node停止,設定を開く,検証済,2026-07-27,node停止時に「自分の PC につながると設定できます」を実測
HIST-01,履歴,P0,聴いた記録が端末の中だけに置かれてほしい,localStorageに最大3000件。中央サーバーへは送らない,-,設計上の保証,検証済,2026-07-27,localStorageのみ・hubへ送っていないことを通信記録で実測 / localStorageのみ・中央へ送っていないことを実測
HIST-02,履歴,P1,少ししか鳴らなかった曲は記録しないでほしい,20秒未満の再生は履歴に残さない,-,10秒で次へ送る,検証済,2026-07-27,20秒未満は残さない実装を確認
HIST-03,履歴,P1,途中で次へ送った曲も、半分聴いていれば記録してほしい,曲の半分以上鳴っていれば、切り替え時に履歴へ残す,-,半分過ぎて次へ,検証済,2026-07-27,半分聴いていれば切替時に残す実装を確認
NAV-01,ナビゲーション,P0,ホーム・検索・グループを行き来したい,左のサイドバー（広い画面）と下部ナビ（狭い画面）で移動できる,-,各項目を押す,検証済,2026-07-27,ホーム/検索/グループの行き来を実測
NAV-02,ナビゲーション,P1,ブラウザのように前後へ移動したい,広い画面の左上の矢印で、辿った経路を前後に移動できる。行き先がないときは押せない,-,いくつか移動して戻る,検証済,2026-07-27,戻る・進むの往復を実測
NAV-03,ナビゲーション,P1,画面が変わったことが目で追えてほしい,移った先が下から入るアニメーションで出る,-,画面を移る,検証済,2026-07-27,animate-pageの適用を実測
NAV-04,ナビゲーション,P1,操作に手応えがほしい,ボタンを押すと少し沈む。札は浮き上がる。一覧の行は色が変わる,-,各所を操作,検証済,2026-07-27,.press:active{transform:scale(.97)}の出力を確認
NAV-05,ナビゲーション,P2,動きを減らす設定を尊重してほしい,OSの「視差効果を減らす」が有効なとき、アニメーションが止まる,OS設定,設定を変えて開く,検証済,2026-07-27,prefers-reduced-motionの出力を確認
LAYOUT-01,レイアウト,P0,iPhoneのPWAで下に余白が出ないでほしい,ホーム画面から起動したとき、画面の下端まで内容が届く。時刻やホームバーと重ならない,iOS実機,PWAとして起動,検証済,2026-07-27,長く難航した。実機確認済み
LAYOUT-02,レイアウト,P0,上の電波マークや時刻と重ならないでほしい,上端はノッチを避けて押し下げられる,iOS実機,PWAとして起動,検証済,2026-07-27,実機確認済み
LAYOUT-03,レイアウト,P0,画面全体がスクロールしてしまわないでほしい,本文の領域だけがスクロールし、ヘッダと下の帯は固定される,-,画面を上下に振る,検証済,2026-07-27,body position:fixedで固定
LAYOUT-04,レイアウト,P1,狭い画面では下の帯が1行にたたまれてほしい,スマホでは曲名・再生・次だけの1行になり、押すと全画面へ,狭い画面,幅を狭める,検証済,2026-07-27,狭い画面で曲名/演者/再生/次の1行になることを実測
LAYOUT-05,レイアウト,P1,狭い画面では一覧のアルバム列を落としてほしい,曲名とアーティストだけが出て、横に溢れない,狭い画面,一覧を見る,検証済,2026-07-27,横に溢れないことを実測
LAYOUT-06,レイアウト,P1,Safariでも正しく出てほしい,PWAでない通常のSafariでも、上下の余白が正しく取られる,iOS実機,Safariで開く,検証済,2026-07-27,実機確認済み
IOS-01,iOS,P0,画面を消しても再生が続いてほしい,ロック後も再生が続き、ロック画面に曲名とジャケットが出る,iOS実機,ロックする,検証済,2026-07-27,実機確認済み
IOS-02,iOS,P0,ロック画面から操作したい,ロック画面の再生/一時停止・前・次が効く,iOS実機,ロック画面で操作,実機待ち,2026-07-27,MediaSessionの登録は確認済み。実機での動作確認が必要
IOS-03,iOS,P1,ロック画面のシークバーが動いてほしい,再生位置がロック画面のバーに反映される,iOS実機,ロック画面を見る,実機待ち,2026-07-27,setPositionStateの実装は確認済み
IOS-04,iOS,P0,最初の操作のあとは、自動で次の曲へ行ってほしい,起動後の最初のタップで再生許可を取り、以降は操作なしでも曲が進む,iOS実機,曲の終わりまで待つ,実機待ち,2026-07-27,無音での許可取得の実装は確認済み
IOS-05,iOS,P1,ネイティブアプリのように全画面で出てほしい,ホーム画面から起動するとブラウザのUIが出ない,iOS実機,ホーム画面に追加して起動,実機待ち,2026-07-27,display-mode:standaloneの指定は確認済み
SET-01,設定,P1,設定をひとまとめに見たい,右上のアバターから、名前・自分のPC・端末に残した曲・聴取記録・サインインが1画面で見られる,ログイン済み,設定を開く,検証済,2026-07-27,5つの節が1画面に出ることを実測
SET-02,設定,P1,設定から接続をやり直したい,「つなぐ」「つなぎ直す」でペアリング画面が開く,-,ボタンを押す,検証済,2026-07-27,つなぐボタンの存在を実測
ERR-01,エラー,P0,取得の仕組みが壊れたら、黙らずに教えてほしい,yt-dlpが無い/古いとき、上部の帯に「初回セットアップを実行してください」等が出る,yt-dlp不在,PATHから外して起動,検証済,2026-07-27,yt-dlp不在時に警告帯へ理由が出ることを実測
ERR-02,エラー,P1,供給元に弾かれたときに、何が起きたか分かってほしい,bot判定に当たったとき「解決コンポーネントの更新が必要な可能性があります」と出る,-,再現困難,検証済,2026-07-27,bot判定時の案内文への振り分けを確認
ERR-03,エラー,P1,非公開・削除済みの曲だと分かってほしい,「この項目は取得できませんでした（非公開または削除済み）」と出る,削除済みの動画ID,そのIDで再生,検証済,2026-07-27,「非公開または削除済み」のメッセージを実測
ERR-04,エラー,P1,取得に時間がかかりすぎたら諦めてほしい,30〜60秒で打ち切り、「解決がタイムアウトしました」と出る,-,再現困難,検証済,2026-07-27,30〜60秒で打ち切る実装を確認
SEC-01,セキュリティ,P0,画像の取得が踏み台にされないでほしい,ジャケットの中継はgoogleusercontent/ytimg/ggphtのhttpsのみ許可。他は403,-,別のURLを渡す,検証済,2026-07-27,別ホスト403・http403・許可ホストのみ通過を実測
SEC-02,セキュリティ,P0,他人のプレイリストを勝手に触れないでほしい,自分のものでもグループのものでもないプレイリストへの操作は404,2アカウント,他人のIDで操作,検証済,2026-07-27,第三者の操作=404を実測
SEC-03,セキュリティ,P0,他人のプレイリストを消せないでほしい,作成者以外の削除は403,共有プレイリスト,作成者以外が削除,検証済,2026-07-27,作成者以外の削除=403を実測
SEC-04,セキュリティ,P0,トークンなしでAPIを叩けないでほしい,Authorizationが無い/無効なとき401,-,トークンなしでGET /api/me,検証済,2026-07-27,トークンなし/無効とも401を実測
SEC-05,セキュリティ,P0,自分のグループのセッションしか見えないでほしい,GET /api/sessionsは自分が属するグループの場だけ返す,2アカウント,他人のグループの場を探す,検証済,2026-07-27,自グループのみ返ることを2アカウントで実測
SEC-06,セキュリティ,P0,進行役でない人が場を動かせないでほしい,進行役以外のsession:controlは「only the host can control playback」で拒否される,セッション参加中,参加者側から操作を送る,検証済,2026-07-27,only the hostで拒まれることを実測
ARCH-01,設計,P0,音声が中央サーバーを通らないでほしい,hubが扱うのは識別子・メタデータ・再生位置のみ。音声のバイト列は一切通らない,-,hubのコードとネットワークを確認,検証済,2026-07-27,hubに音声経路が存在しないこと・通信がapi/meのみであることを実測
ARCH-02,設計,P0,一緒に聴くときも音声が中継されないでほしい,参加者それぞれが自分のPCから同じ曲を取得する。hubは位置だけを配る,-,設計上の保証,検証済,2026-07-27,hubが配るのは位置のみ。各自が自分のnodeから取得することを実測
ARCH-03,設計,P1,クライアントが外部へ直接アクセスしないでほしい,音声もジャケットもnode経由。外部URLをブラウザに直接渡さない,-,ネットワークタブを確認,検証済,2026-07-27,画像も音声もnode経由。外部への直接アクセスなしを通信記録で実測
TOUCH-01,タッチ,P0,指しかない端末でも、曲や札の操作メニューを出したい,曲の行や札を約0.45秒押し続けると品書きが出る。右クリックと同じ中身,スマホ・タブレット,行や札を長く押す,検証済,2026-07-27,右ボタンが無い端末では唯一の入口。実測確認済み
TOUCH-02,タッチ,P0,一覧を送ろうとしただけでメニューが出ないでほしい,押している最中に指が10px以上動いたら取り消す。わずかな揺れでは取り消さない,-,押しながら指を動かす,検証済,2026-07-27,40px動かすと出ず、3px程度では出ることを実測
TOUCH-03,タッチ,P0,長押しの直後に、押したつもりで再生されないでほしい,品書きが出た後、指を離したときの押下は飲まれる,-,長押し→指を離す,検証済,2026-07-27,実測確認済み
TOUCH-04,タッチ,P1,長押ししたときに、文字選択や「コピー」の吹き出しが出ないでほしい,-webkit-touch-callout と user-select を切ってあり、こちらの品書きだけが出る,iOS実機,iOSで長押し,実機待ち,,CSSは出力済み。Chromeでは計測できない
TOUCH-05,タッチ,P0,全画面の再生画面を、下へ払って閉じたい,指の動きに追従して下がり、120px超または勢いよく払うと閉じる。足りなければ元へ戻る,再生中,全画面を下へ払う,検証済,2026-07-27,追従・戻り・閉じるの3つを実測
TOUCH-06,タッチ,P1,小窓（設定・追加・ペアリング・名前）も下へ払って閉じたい,同じ操作で閉じる。背景を押しても閉じる。名前を決める場面では閉じられない,-,小窓を下へ払う,検証済,2026-07-27,閾値・勢い・背景押しの3通りを実測
TOUCH-07,タッチ,P1,覆いかぶさるキュー／一緒に聴くパネルも下へ払って閉じたい,狭い画面で覆いかぶさっているときだけ、下へ払うと閉じる,狭い画面,パネルを下へ払う,検証済,2026-07-27,
TOUCH-08,タッチ,P0,中身を上下に送っている最中に、勝手に閉じないでほしい,中身が上端より下にあるときは、払う操作として扱わない。上端まで戻っていれば閉じられる,中身が長い小窓,下まで送ってから下へ引く,検証済,2026-07-27,scrollTop>0のとき無効化。上端では閉じることを実測
TOUCH-09,タッチ,P1,掴んで下ろせることが、見て分かってほしい,全画面と小窓の上端に、掴むための取っ手が出る。広い画面では出さない,狭い画面,上端を見る,検証済,2026-07-27,
TOUCH-10,タッチ,P1,品書きの項目が、指で押しやすい大きさであってほしい,狭い画面では1項目44px以上。広い画面では詰めて36px,-,項目の高さを測る,検証済,2026-07-27,44/36を実測
TOUCH-11,タッチ,P1,品書きが出ている間、何かを選んでいる最中だと分かってほしい,後ろが少し沈む（黒25%）,-,品書きを開く,検証済,2026-07-27,
TOUCH-12,タッチ,P2,押した瞬間に手応えがほしい,触覚を返せる端末では短く震える。iOSは対応していないので何も起きない,Android実機,長押しする,実機待ち,,navigator.vibrate。iOS非対応
